,InternetService,Churn Rate (%),Count
0,Fiber optic,41.89276485788114,3096
1,DSL,18.998344370860927,2416
2,No,7.434210526315789,1520
