,Churn Status,Count,Percentage
0,No,5174,73.4630129206304
1,Yes,1869,26.536987079369588
