,Partner,Churn Rate (%),Count
0,No,32.97609233305853,3639
1,Yes,19.71706454465075,3393
