,PaymentMethod,Churn Rate (%),Count
0,Electronic check,45.28541226215645,2365
1,Mailed check,19.201995012468828,1604
2,Bank transfer (automatic),16.731517509727624,1542
3,Credit card (automatic),15.253122945430638,1521
