,Contract,Churn Rate (%),Count
0,Month-to-month,42.70967741935484,3875
1,One year,11.277173913043478,1472
2,Two year,2.8486646884272995,1685
