,Dependents,Churn Rate (%),Count
0,No,31.279140482465028,4933
1,Yes,15.531205335874226,2099
