,TechSupport,Churn Rate (%),Count
0,No,41.647465437788014,3472
1,Yes,15.196078431372548,2040
2,No internet service,7.434210526315789,1520
