,OnlineSecurity,Churn Rate (%),Count
0,No,41.77866742922505,3497
1,Yes,14.640198511166252,2015
2,No internet service,7.434210526315789,1520
