,Class,Count,Percentage
0,Retained (0),5163,73.42150170648463
1,Churned (1),1869,26.578498293515356
